한글국가명,영문국가명,국가코드(ISO 2자리) ,수도,인구,인구설명,면적,면적설명,언어,종교,민족,기후,건국
가나,Ghana,GH,아크라(Accra),32400000,"(22, EIU)",238537,(한반도 1.1배),"영어(공용어), 아산테어, 에웨어 등","기독교(71%), 이슬람교(17.6%)","아칸족(48%), 몰다그바니족(17%), 에웨족(14%), 가아단베족(7%), 구르마족(6%), 구안족(4%)",,1957.3.6.(영국에서 독립)
가봉,Gabon,GA,리브르빌(Libreville),2340000,(21 World Bank),267000,(한반도의 1.2배),"불어(공용어), Fang어","기독교(가톨릭 포함) 85%, 회교 9.8%, 토착종교","Fang, Echira, Adouma 등 40여 종족",,1960.8.17. 프랑스로부터 독립
가이아나,Guyana,GY,조지타운(Georgetown),750000,(2019 CIA),214969,,"영어(공용어), Creole(현지 토속어)","기독교 57%, 힌두교 33%, 회교 9%, 기타 1%","동인도계 39.8%, 흑인 29.2%, 혼혈 19.9%, 아메리카 인디안 10.5%",,
감비아,Gambia,GM,반줄(Banjul),2710000,(22 World Bank),11295,(한반도의 1/20),"영어(공용어), Wolof어","회교(90%), 기독교(9%) 등","Mandinka, Peul, Wolof 등",,1965.2.18(영국에서 독립)
과테말라,Guatemala,GT,과테말라시티(Guatemala City),18640000,"(2022, IMF)",108889,(한반도의 1/2),"스페인어(공용어), 23개 공인 원주민어","가톨릭(41%), 개신교(38.8%), 기타(2.7%)","메스티소 56%, 마야인 41.7%, 흑인 흑인계 혼혈 0.2%, Garifuna인 0.1%, 외국인 0.2%, Xinca 원주민 1.8%",,
교황청,Vatican,VA,Vatican(로마 북서부위치),1000,,0.44,(성베드로 대성당 성베드로 광장 교황거처 및 사무실 등 : 서울 창경궁 정도의 면적),"라틴어(공식언어), 이탈리아어, 불어, 영어",가톨릭(Roman Catholic),,,
그레나다,Grenada,GD,세인트 조지스(St. George's),110000,,334,(한반도의 1/643),"영어, 파투아(프랑스 크레올)","가톨릭(53%), 성공회(13.8%), 개신교(33.2%)","흑인(82%), 유색혼혈 (13%), 남아시아계 및 유럽계(5%)",,
그리스,Greece,GR,"아테네(Athens, 약370만명)",10390000,,131957,(한반도의 2/3 한국의 1.3배) (본토81% 도서19%),그리스어,"그리스정교(90%), 기독교(3%), 이슬람교(1.3%) 등",,,
기니,Guinea,GN,코나크리(Conakry),13860000,(22 World Bank),246000,(한반도 크기),불어(공용어),"회교(80%), 기독교(15%), 토착종교(5%)","Peul(40%), Malink(30%), Soussou(20%)",,1958.10.2.(프랑스에서 독립)
기니비사우,Guinea-Bissau,GW,비사우(Bissau),2110000,(22 World Bank),36125,(한반도의 1/7배),포르투갈어(공용어),"토속신앙(65%), 회교(30%), 기독교(5%)","Balantes, Fulas, Manjaca 등",,1973.9.24(포르투갈로부터 독립)
나미비아,Namibia,NA,"빈트훅(Windhoek, 37만명)",2690000,2023(IMF),824269,(한반도 약3.7배),"영어, 아프리칸스어, 독일어, 오시밤보어 ","기독교(80-90%), 토착종교(10-20%)","오밤보(49.5%), 카방고(9.2%), 헤레로(7%), 백인(6.4%), 혼혈(4.1%) 등  ","아열대, 사막성 건조기후 ",1990. 3. 21(남아공으로부터 독립)
나우루,Nauru,NR,야렌(Yaren),10800,(2020. Worldometers),21,(세계 192위 1개 섬으로 구성),"나우루어(공식어), 영어","개신교(63%), 가톨릭(32%), 기타","나우루인 58%, 기타(태평양도서국인 26%, 백인 8%, 중국인 8%)",,
나이지리아,Nigeria,NG,"아부자(Abuja, 244만명)",218540000,(22 WB),923768,(한반도의 4.2배),"영어(공용어), 250개 토착어","회교(50% : 북부위주), 기독교(40% : 남부위주)","Hausa(30%), Yoruba(20%), Ibo(20%) 등 250여개 종족",,1960.10.1.(영국에서 독립)
남수단,South Sudan,SS,주바(Juba),12110000,"(2023, IMF)",644329,(한반도의 3배),"영어, 아랍어, 딩카어, 누에르어 등 ","기독교(65%), 토착신앙(32.9%), 이슬람(6.2%)","딩카(35-40%), 누어(15%), 실룩, 아잔데, 아촐리, 바리 등 ","열대우림, 사바나 ",2011.7.9(수단으로부터 독립)
남아프리카공화국,South Africa,ZA,"프레토리아(행정), 케이프타운(입법), 블로엠폰테인(사법)",62030000,"(2022, 남아공 통계청)",1220000,(한반도의 5.5배),"영어, 아프리칸스어, 줄루어 등 총 12개","기독교(85.3%), 전통신앙(7.8%), 이슬람(1.6%), 힌두교(1.1%)","흑인(81.4%), 백인(7.3%), 혼혈인(8.2%), 아시아/인도계(2.7%)",아열대 기후 ,4.27(94년 민주정부 수립 기념일)
네덜란드,Netherlands,NL,암스테르담,17600000,,41865,,,"가톨릭, 개신교 등",,,
네팔연방,Nepal,NP,카트만두(Kathmandu),29160000,-2021,147181,(한반도의 2/3),네팔어,"힌두교(81.2%), 불교(8.2%), 이슬람교(5.1%), 키릿교(3.2%),기독교(1.8%), 기타(0.5%)","아리안족(80%), 티벳 몽골계(17%), 기타 소수민족(3%) ",,
노르웨이,Norway,NO,오슬로(Oslo),5500000,-2023,386958,(스발바르 제도 포함),노르웨이어,루터 복음교,노르웨이인,,
뉴질랜드,New Zealand,NZ,웰링턴(Wellington),5080000,(20.11.  통계청),270000,(한반도의 1.2배),"영어, 마오리어","개신교(35%), 가톨릭(13%)","유럽계 74%, 마오리계 15%,아시아계 12%, 남태평양계 7% ('13년 Census 기준, 중복응답 허용)",,
니우에,Niue,NU,알로피(Alofi),1600,(2021. Worldometers),259,,"영어, 니우에어","니우에기독교 67%, 가톨릭 10%, 몰몬교 10%, 개신교 3%, 기타 10%","니우에인 67%, 혼혈 13%, 유럽 및 아시아인 12%, 기타 태도국인 8%",,
니제르,Niger,NE,니아메(Niamey),27200000,(22 EIU),1267000,(한반도의 6배),"프랑스어(공용어), 토착어","이슬람교(80%), 토착신앙","아우사(53.4%), 제르마-송가이(21.2%), 투아레그(11%) 등",,1960.8.3(프랑스에서 독립)
니카라과,Nicaragua,NI,"마나과(Managua, 인구 106만명)",6610000,"(2022, IMF)",130370,(한반도의 3/5배),스페인어(공용어),"가톨릭(51.4%), 개신교(34.5%)","메스티소(69%), 백인(17%), 흑인(9%), 인디언(5%)",,
대만,Taiwan,TW,,23570000,(타이베이 255만명),36000,(남한의 약1/3) 대만을 포함 펑후(澎湖) 진먼(金門) 마주(馬祖) 등의 79개 도서로 구성,"중국어(공용어), 민난어(대만 방언), 객가어(중국 남방지역 방언)","불교, 기독교, 천주교, 도교",,"아열대성 해양기후(여름 33℃,겨울 13℃ 평균)",
덴마크,Denmark,DK,코펜하겐,5890000,(2021.7월 / CIA 추정치),42934,(한반도의 약 1/5) * 그린란드 페로제도 등 자치령 제외,덴마크어,"루터복음교(국교, 74.7%), 이슬람교, 가톨릭, 침례교, 유대교 등","북게르만계의 덴족(86.3%), 고트족",,
도미니카공화국,Dominican Republic,DO,산토도밍고(Santo Domingo),10630000,"(2022, IMF)",48670,(한반도의 1/4),스페인어,"가톨릭(44.3%), 개신교(22.3%), 기타(2%)","혼혈(70.4%), 백인(13.5%), 흑인(15.8%), 기타(0.3%)",,
도미니카연방,Dominica,DM,"로조(Roseau, 19,700명)",74000,"(2022, IMF)",751,(한반도의 1/300배),"영어(공식), 파트와어(Patois, 프랑스어 방언으로 일상 생활어로 통용)","가톨릭(52.7%), 개신교(29.7%), 기타(6.7%) ",,,
독일,Germany,DE,베를린(약 387만명),84480000,(2023.6월 기준),357580,(한반도의 1.6배),,"가톨릭(30.8%), 개신교(26.4%), 이슬람교(5.5%), 무교 또는 기타(37%)",게르만족,,
동티모르,Timor-Leste,TL,"딜리(Dili, 약 30만 명)",1370000,"(2022, IMF 추정치)",14954,(경기도의 약 1.5배),* 테툼어 및 포르투갈어 - 인도네시아 지배의 영향으로 인도네시아어도 사용,"가톨릭(97.57%), 개신교(1.96%), 이슬람 등","테툼족(약 40%), 말레이족 및 파푸안족 계통, 기타 32개 종족",열대성 몬순기후,
라오스,Laos,LA,"비엔티안(Vientiane, 인구 : 100.9만 명, 2023.7월 기준, 라오스통계국)",7580000,"(2023년 기준, IMF)",236800,"(한반도의 약 1.1배, 2023년 기준, CIA)",라오어(공용어),"불교(69%), 토속신앙(28%), 기독교(1.5%) 등",,고온다습 열대몬순,
라이베리아,Liberia,LR,"몬로비아(Monrovia, 126만명)",5300000,(22 World Bank),113370,(한반도 절반),"영어(공용어), 토착어","토착신앙(60%), 기독교(10%), 이슬람(15%)","토착민(95%), 미국·카리브 노예 귀환자 후손(5%)",,1847.7.26(1820년대부터 흑인 노예 이주 시작)
라트비아,Latvia,LV,리가,1860000,(2021.7월 / CIA 추정),64589,(한반도의 약 1/3),,"루터교, 카톨릭교, 러시아정교","라트비아인(61.1%), 러시아인(26.2%) 등",,- 1991.09.06. 소련으로부터 주권회복 - 1918.11.18. 최초 독립(국경일)
러시아,Russia,RU,"모스크바(Moscow, 1,268만명)",143200000,-23,17090000,(한반도의 78배 미국의 1.8배),러시아어,"러시아정교, 이슬람교, 유대교, 가톨릭교 등",,,
레바논,Lebanon,LB,베이루트(Beirut),5600000,(21 World Bank 팔레스타인 난민 약 50만명 및 시리아 난민 약 120만명),10452,,"아랍어(공용어), 영어·불어","이슬람(54%), 기독교(40.5%), 기타(5%)",,,
레소토,Lesotho,LS,"Maseru, 인구 약 33만명",2300000,(2022 세계은행),30000,(한반도의 1/7 남한의 1/3),"영어(공용어), Sesotho어","기독교(80%), 기타 토속종교",소토인(99.7%),"건조 기후, 여름과 겨울 간 큰 온도차 ",1966.10.4(前 영국 보호령)
루마니아,Romania,RO,부쿠레슈티(210만명),19050000,-2022,238397,(한반도의 1.1배),,"루마니아정교(85.3%), 가톨릭 (4.5%)","루마니아인(89.3%), 헝가리인(6%), 집시(3.4%)",,
룩셈부르크,Luxembourg,LU,룩셈부르크,640064,"(2021, WB)",2586,(제주도의 2배),,"가톨릭(87%), 기타(13%)","룩셈부르크인, 독일인, 프랑스인",,
르완다,Rwanda,RW,키갈리 (Kigali),13240000,"(22, NISR)",26338,(남한의 약 1/4),"영어, 키냐르완다어, 프랑스어, 스와힐리어 ","개신교(49.5%), 가톨릭(43.7%), 이슬람(2%), 무교(2.5%), 기타(1%)","후투(84%), 투치(15%), 트와(1%)",열대성 기후,1962.7.1(벨기에로부터 독립)
리비아,Libya,LY,트리폴리(Tripoli),6780000,(19 UN),1759540,(한반도의 8배),아랍어,이슬람교(수니파),"아랍인, 베르베르인",,1951.12.24.(이탈리아에서 독립)
리투아니아,Lithuania,LT,빌뉴스(57.4만명),2800000,,65300,(한반도의 1/3),,"카톨릭교(77%), 러시아정교(4%), 개신교(0.8%) 등","리투아니아인(84%), 폴란드인(7%), 러시아인(6%) 등",,- 독립 : 1990.03.11.
리히텐슈타인,Liechtenstein,LI,"파두츠(Vaduz, 5,741명)",39055,-2021,160,(국경선 길이 78㎞),독일어(공용어),"가톨릭(73.4%), 개신교(8.2%), 이슬람교(5.9.%), 기타","독일계(88%), 기타(12%)",,
마다가스카르,Madagascar,MG,안타나나리보(Antananarivo),28430000,(21 World Bank),587041,(한반도의 2.7배),말라가시어 및 불어(공용어),"토착신앙(52%), 기독교(41%), 이슬람교(7%) 등",,"(중부 고원지대) 아열대 및 온대, (북부) 열대, (남부) 사막성 기후와 온대", 1960.6.26.(프랑스로부터 독립)
마셜제도,Marshall Islands,MH,마주로(Majuro),59000,-2021,182,(세계 188위 30여개 도서로 구성),"영어, 마셜어","기독교 97%, 무교 2%, 기타","마셜인 92%, 혼혈인 6%, 기타 2%",,
마이크로네시아연방,Federated States of Micronesia,FM,팔리키르(Palikir) ※폰페이섬 소재,113000,(2021. World Bank),705,(세계 177위) ※607개 섬으로 구성 65개 섬에만 인구 거주,"영어, 8개 토착 언어","기독교 95%(개신교 및 카톨릭), 토착종교 4%, 기타 1%","Chuukese 49%, Pohnpeian 24%, Kosraean 6%, Yapese 5%, Yap Outer Islands 4%, Asian 2%, Polynesian 1.5%, Others 8.5%",,
말라위,Malawi,MW,릴롱궤(Lilongwe),19650000,(21 World Bank),118484,(한반도의 약 1/2),"영어(공용어), Chichewa어","기독교(77.3%), 이슬람교(13.8%)","Chewa(34.3), Lomwe(18.8), Yao(13.2), 등",열대성기후,1964. 7. 6(영국으로부터 독립)
말레이시아,Malaysia,MY,"쿠알라룸푸르(Kuala Lumpur, 약 181만 명)",33060000,"(2023, IMF)",330252,(한반도의 1.5배),"말레이어(공용어), 영어, 중국어","이슬람교(국교), 불교, 힌두교 (종교의 자유를 헌법으로 보장)","말레이계(62%), 중국계(21%), 인도계(6%), 외국인 및 기타(11%)",,
말리,Mali,ML,바마코(Bamako),22590000,(22 World Bank),1240192,(한반도의  약 5배),"불어(공용어), Bambara어 등","회교(90%), 토속신앙(9%)","Bambara, Peul, Voltaic, Songhai 등",,1960.9.22(프랑스에서 독립)
멕시코,Mexico,MX,"멕시코 시티(Mexico City, 약 2,000만명)",130120000,"(2022, IMF)",1960000,(한반도의 9배),,"가톨릭(89%), 개신교(6%), 기타(5%)","메스티소(60%), 원주민(30%), 백인(9%)",,
모나코,Monaco,MC,모나코,31223,(21 / CIA추정),2.02,(교황청에 이어 세계에서 두 번째로 작은 국가),"프랑스어(공용어), 영어, 이탈리아어",가톨릭(국교),"프랑스인(28%), 모나코인(21%), 이탈리아인(19%)",,- 독립일 : 1861.01.01
모로코,Morocco,MA,라바트(Rabat),37020000,"(23, IMF 추정)",710850,(한반도의 3.2배),"아랍어, 아마지그어, 불어(상용)","이슬람교(수니파, 98.7%), 기독교(1.1%)","아랍인(60%), 아마지그인(36%), 기타(4%)",,1956.3.2(프랑스에서 독립)
모리셔스,Mauritius,MU,포트루이스(Port Louis),1309000,"(23, CIA)",2040,"(제주도면적과 유사 모리셔스 섬(1,860㎢) 및 부속도서)","영어·불어(공용어), 크레올어, 힌두어","힌두교(49%), 카톨릭(26%), 이슬람(17%), 성공회(6%)","인도계(67%), Creole족(27%), 중국계(3%), 그외(2%)",아열대 해양성,1968.3.12.(영국으로부터 독립)
모리타니아,Mauritania,MR,Nouakchott,4430000,"(23, IMF)",1030700,(한반도의 4.7배),"아랍어(국어), 불어, 아프리카어(월로프, 소닌케 등)",이슬람교(수니파) 100%,"백인계 무어(아랍-베르베르, 30%), 흑인계 무어족(40%), 흑인(30%)",,1960.11.28(프랑스로부터 독립)
모잠비크,Mazambique,MZ,마푸투(Maputo),30060000,"(20, 모잠비크 인구조사)",799380,(한반도 약3.6배),"포르투갈어(공용), 여러 토착어 ","개신교(32.6%), 카톨릭(27.2%), 이슬람교(18.9%), 기타(7.2%), 무교(13.9%)","Shangaan, Chokwe, Manyika, Sena, Makua 등 (99.66%)",,
몬테네그로,Montenegro,ME,"포드고리차(Podgorica, 18.6만명)",630000,,13812,(남한의 1/7수준),,"정교(72.1%), 이슬람(19.1%), 카톨릭(3.4%), 기타(3.4%)","몬테네그로계(45%), 세르비아계(28.7%), 보스니아계(8.7%), 알바니아계(4.9%) 등",,- 독립일 : 2006.06.03.(세르비아-몬테네그로 국가연합에서 독립)
몰도바,Moldova,MD,"키시나우(Chisinau, 50만명)",2541000,"(2021,IMF)",33851,,"몰도바어(루마니아어와 유사), 러시아어(통용)",러시아정교(98%),,,
몰디브,Maldives,MV,"말레(Male, 인구 : 17만명, 여의도의 약 1/4)",540000,"(2020, 출처 : World Bank)",298,"(한반도의 1/700, 서울시의 약 1/2)",디베히어(인도 아리안계),"이슬람교(Sunni 파, 국교)","싱할라(Sinhalese)계, 드라비다계, 아랍 및 아프리카계","열대몬순 기후- 일중 최고 31℃ 최저 26℃, 연중 비슷한 기후- 연평균 강우량 2,099㎜",
몰타,Malta,MT,발레타,461000,(2021.7 / CIA 추정),316,(제주도의 1/6),"몰타어, 영어",가톨릭(98%),,,
몽골,Mongolia,MN,"울란바타르 (Ulaanbaatar, 면적 서울의 7.7배)",3500000,,1564000,(한반도의 7.1배),할흐 몽골어(Khalkh Mongol 語),"라마교(51.7%), 이슬람교(3.2%), 무교(40.6%), 기독교(1.3%)",,대륙성 한랭건조기후,"독립일(1921.07.11.), 국가선포일(1924.11.26.)"
미얀마,Myanmar,MM,"네피도(Nay Pyi Taw, 행정수도, 인구 : 127만 명, 2019년 기준, 미얀마 인구부)",54210000,"(2023년 기준, IMF)",676600,"(한반도의 3.1배, 2023년 기준, CIA)","미얀마어(공용어), 기타 소수어","불교(88%), 기독교(6%), 이슬람(4%) 등","버마족(70%), 소수족(25%, 샨, 카렌, 카친 등), 기타(5%, 중국계, 인도계 등)",열대몬순,
미합중국,United States of America,US,"워싱턴(Washington, D.C)",334910000,-23,9830000, (한반도의 약 45배),,"개신교(34%), 가톨릭(23%), 몰몬(2%), 유태교(2%), 이슬람(1%),무교/기타(38%) (’22)","백인(61.6%), 흑인(12.4%), 아시아계(6.0%), 원주민(1.3%), 다인종(10.2%), 기타(8.4%)* Hispanic : 전체 인구의 18.7%",,
바누아투,Vanuatu,VU,포트빌라(Port Vila) ,314700,(2021. World Bank),12200,(세계 157위)※80여개 도서로 구성 65개는 무인도,"비슬라마어 23%, 100여개 지방언어 71%, 영어2%, 불어 2%","기독교 82.5%, 토속신앙 및 기타 17.5%","멜라네시아계 94%, 유럽인 4%, 기타 2%",,- 독립일 : 1980.07.30.
바레인,Bahrain,BH,마나마(Manama),1580000,"(23, IMF)",778.4,(서울의 약 1.3배),아랍어(영어도 통용),"이슬람교 70%(수니파 40%, 시아파 60%), 기타 기독교 및 힌두교 등 17%",,,1971.08.15.(독립)
바베이도스,Barbados,BB,브리지타운(Bridgetown),290000,"(2022, IMF)",431,(한반도의 1/512),영어 및 Bajan(영어기반의 크레올어),"개신교(67%), 가톨릭(4%), 무교(17%), 기타(12%)","흑인(90%), 백인(4%), 혼혈(6%)",,
바하마,Bahamas,BS,"나소(Nassau, 267,000명)",390000,"(2022, IMF)",13880,(한반도의 1/16),"영어(공식), 크레올어(아이티 이주자)","가톨릭(12%), 개신교(69.9%), 기타(13.6%)","흑인(90.6%), 백인(4.7%), 혼혈(2.1%), 기타(2.6%)",,
방글라데시,Bangladesh,BD,"다카(Dhaka), 약 2,321만명 ('22. macrotrends)",170000000,(22. World Bank),148000,(한반도의 약 2/3),"벵갈어(98.8%, 공용어)","이슬람교(88.4%, 국교), 힌두교 등 기타(11.6%)",벵갈인(98%),,
베냉,Benin,BJ,"포르토 노보(Porto Novo, 27만명) ※ 경제수도 : 코토누(Cotonou, 72만명)",12990000,(21 World Bank),112622,(한반도의 절반),불어(공용어) 및 토착어,"부두교(50%), 기독교(30%), 회교(20%)",,,1960.8.1.(프랑스에서 독립)
베네수엘라볼리바르,Venezuela,VE,카라카스(Caracas),26920000,"(2022, IMF)",916445,(한반도의 4.5배),스페인어,"가톨릭(91%), 개신교(7%) 등","메스티조(69%), 백인(20%), 흑인(9%), 인디헤나(2%)",,
베트남,Vietnam,VN,"하노이(Ha Noi, 인구 843.6만 명: 베트남 통계국, 2022 통계연감 기준)",100400000,"(2023년 기준, IMF)",331200,"(한반도의 1.5배, 2023년 기준, CIA)",베트남어(공용어),"불교(14%), 천주교(7%) 등",비엣족(86.2%)외 53개 소수민족,"북부는 아열대성, 남부는 열대몬순",
벨기에,Belgium,BE,브뤼셀,11400000,-2021.4,30528,(경상도 크기),"불어, 화란어, 독어※ 제3국과의 대외언어는 ‘영어’로 통용","가톨릭 75%, 기타 25%","화란어계(56%), 불어계(41%), 이중어계(3%)",,
벨라루스,Belarus,BY,"민스크(Minsk, 200만명)",9260000,-2022,207600,(한반도 크기),"벨라루스어(국어), 러시아어(공용어)","러시아정교(82%), 로마가톨릭, 개신교 등","벨라루스계(83.7%), 러시아계(8.3%), 폴란드계(3.1%), 우크라이나계(1.7%)",온화한 대륙성 기후,
벨리즈,Belize,BZ,벨모판(Belmopan),440000,"(2022, IMF)",22966,(한반도의 1/10),"영어(공용어), 크레올어, 스페인어, 마야어","가톨릭 40.1%, 개신교 31.5%, 기타 12.9%, 무교 15.5%","메스티소 52.9%, 크레올 25.9%, 마야족 11.3%, 기타 9.9%",,
보스니아헤르체고비나,Bosnia-Herzegovina,BA,사라예보(약 72만명),3460000,-2023,51209,(한반도의 약 1/4),,"이슬람교(51%), 세르비아 정교(31%), 로마 가톨릭(15%), 기타(3%)","보스니아계(50%), 세르비아계(31%), 크로아티아계(15%), 기타(4%)",,- 국가성립 : 92.3.1. 구유고연방에서 독립 ※ 92.5.22. UN가입
보츠와나,Botswana,BW,가보로네 (Gaborone),2630000,"(22, 세계은행)",581730,(한반도의 2.7배),"영어(공용어), 세츠와나어(통용어)","기독교(71%), 토착신앙(6%)","츠와나인(79%), 칼랑가인(11%) 등",,1966.9.30(영국으로부터 독립)
볼리비아,Bolivia,BO,"라파스 (La Paz, 행정수도), 수크레 (Sucre, 헌법상의 수도)",12080000,(2021년),1098581,(한반도의 5배),"스페인어(69%), 케추아어(18%), 아이마라어(11%) 등 총 37개 언어","가톨릭(77%), 개신교(16%) 등",,,
부룬디,Burundi,BI,기테가(Gitega),12890000,"(22, World Bank)",27834,(한국의 약 1/4),"영어, 불어 및 Kirundi어","가톨릭(62%), 기독교(22%), 이슬람(2.5%), 재림교(2%), 기타(11.5%)","후투(85%), 투치(14%), 트와(1%)",열대성 기후,1962.07.01(벨기에로부터 독립)
부르키나파소,Burkina Faso,BF,와가두구(Ouagadougou),22100000,"(21, World Bank)",274200,(한반도의 1.2배),"프랑스어(공용어), 토착어","이슬람(61.5%), 카톨릭(23.3%), 애니미즘(7.8%), 개신교(6.5%)","모시(52%), 풀라니(8.4%) 등",,1960.8.5.(프랑스에서 독립)
부탄,Bhutan,BT,팀푸(Thimphu),780000,,38394,(한반도의 약 1/5),"종카어(Dzongkha, 공식어), 영어, 네팔어 통용","대승불교(라마교) 75%, 힌두교 및 기타(회교 등) 25%","보테족(티벳계) 50%, 네팔계 35%, 기타 이민족 15%",,
북마케도니아,North Macedonia,MK,"스코페(Skopje, 60.6만)",2130000,(2018 CIA),25713,(한반도의 약 1/4),"마케도니아어, 알바니아어","마케도니아 정교(46.1%), 이슬람교(32.2%), 기독교(13.8.%)","마케도니아계(64%), 알바니아계(25%), 터키계(4%), 집시(3%), 세르비아계(2%), 기타(2%)",,- 독립일 : 1991.9.8.(구유고연방에서 독립)
불가리아,Bulgaria,BG,소피아(115만),6500000,-2021,110000,(한반도의 약 1/2),,"불가리아 정교(82.6%), 이슬람교(10.0%), 개신교(1.1%), 가톨릭(0.9%), 기타(5.4%)","불가리아인(78.5%), 튀르키예인(7.8%), 집시(4.1%), 기타(9.6%)",,
브라질,Brazil,BR,"브라질리아(Brasilia, 300만명)",210000000,(세계 5위),8510000,(한반도의 약 37배),포르투갈어,"가톨릭(50%), 개신교(31%), 무교(10%), 기타 종교(9%)(2020)",,,
브루나이,Brunei,BN,"반다르스리브가완(Bandar Seri Begawan, 인구 약 6만 명)",440000,"(2023, IMF)",5770,(경기도의 약 1/2배),"말레이어(공용어), 영어",이슬람교(국교) ※ 기타 종교도 인정하나 포교는 금지,"말레이계(73%), 중국계(9%), 기타(17%)",고온다습한 열대성 기후,
사모아,Samoa,WS,아피아(Apia),201000,(2021. World Bank),2831," ※Upolu 섬, Savaiai섬 등 수개의 군소 도서로 구성","사모아어, 영어","기독교 47%, 카톨릭 20%, 기타","사모아인 92.6%, 유럽-폴리네시아 혼혈 7%, 유럽계 0.4%",,
사우디아라비아,Saudi Arabia,SA,리야드(Riyadh),35490000,"(23, IMF)",2149690,(한반도 10배),아랍어(영어도 통용),"이슬람교(수니파 90%, 시아파 10%)","아랍족(베두윈족 27%, 기타 아랍정착민 73%)",,"1932년(1927년, 영국으로부터 국가승인)"
사이프러스,Cyprus,CY,"니코시아(Nicosia, 33만명)",1200000,(22년),9251,(한국의 1/10),,"그리스정교(90%), 로마가톨릭(3%) 등",,,
산마리노,San Marino,SM,산마리노(San Marino),33745,"(2021, WB)",60.5,,이탈리아어,카톨릭(97%),,,- 국경일 : 09.03. (공화국 창립일)
상투메프린시페,Sao Tome & Principe,ST,상투메(Sao Tome),220000,(21 World Bank),1001,(제주도의 0.5배),"포르투칼어, 토착어",카톨릭 및 기타 개신교(77%),"Forros, Angolares족 등",,'75.7.12.(포르투칼에서 독립)
세네갈,Senegal,SN,"다카르(Dakar), 352만명",17320000,(22 World Bank),196712,(한반도 면적과 유사),불어(공용어) 및 Wolof어,"회교(95%), 카톨릭(5%) 등","Wolof(44%), Peul(23%), Sereres(15%)",,1960.4.4(프랑스로부터 독립)
세르비아,Serbia,RS,베오그라드(169만명),6640000,-2023,77612,(한반도의 1/3),세르비아어,"세르비아정교(84.6%), 카톨릭(5.5%), 이슬람(3.1%) 등","세르비아인(83.3%), 헝가리인(3.5%), 로마인(2.1%), 보스니아인(2%) 등",,- 국경일 : 2.15(국가제정일)
세이셸,Seychelles,SC,빅토리아(Victoria),99202,(21 World Bank),455.3,(제주도의 1/4 115개 도서),"Creole(공용어), 영어(공용어), 불어(공용어)","카톨릭(82%), 영국성공회(6%)","혼혈백인(Creole), 아프리카계, 인도계, 중국계","고온다습, 연평균 30.3℃",1976.6.29.(영국으로부터 독립)
세인트루시아,St. Lucia,LC,캐스트리스(Castries),180000,"(2022, IMF)",616,(한반도의 1/360),"영어, 프랑스어 방언(Patois, 일상어로 통용)","가톨릭(62%), 개신교(26%), 기타(12%)","흑인(85.3%), 혼혈(10.9%), 동인도인(2.2%), 기타(1.6%)",,
세인트빈센트그레나딘,St. Vincent & the Grenadines,VC,킹스타운(Kingstown),110000,"(2022, IMF)",389,"(한반도의 1/570, 세인트빈센트 섬과 32개 부속도서로 구성)","영어, 파투어(프랑스 크레올)","개신교(75%), 가톨릭(13%), 기타(12%)","흑인(66%), 혼혈(19%), 동인도계(6%), 유럽계(4%), 카리브족(2%), 기타(3%)",,
세인트키츠네비스,St. Kitts-Nevis,KN,바스테르(Basseterre),58000,"(2022, IMF)",261,(서울의 1/3배),영어,"개신교(75.6%) 가톨릭(5.9%), 기타(13.6%)",,,
소말리아,Somalia,SO,모가디슈(Mogadishu),15610000,(22 IMF),637657,(한반도의 3배),"소말리아어(공용어), 아랍어, 이탈리아어(남부), 영어(북부)",이슬람교(수니파),"소말리아계(85%), 반투인 등(15%)",고온건조,"1960.6.26(북부, 영국으로부터 독립), 1960.7.1(남부, 이탈리아로부터 독립)"
솔로몬제도,Solomon Islands,SB,호니아라(Honiara),704000,(2021. World Bank),28450," (세계 139위, 한반도의 1/8)","영어(공용어이나 인구의 1-2%만 사용), 솔로몬 피진어(대부분 사용), 63여개 지방언어","개신교 76%, 가톨릭 19%, 토착신앙 및 기타 5%","멜라네시아인 93%, 폴리네시안 3%, 마이크로네시안1.2%, 기타 0.8%(중국 및 유럽계)",,
수단,Sudan,SD,카르툼(Khartoum),43850000,(20 World Bank),1861484,,"아랍어(공용어), 영어 등 총 114개 언어","이슬람교(수니파, 97%), 기독교, 가톨릭, 원시종교",,,
수리남,Suriname,SR,파라마리보(Paramaribo),610000,-2019,163821,(한반도의 약3/4배),"화란어(공용어), 영어, 토착어","힌두교(27%), 기독교(25%), 가톨릭(23%), 이슬람(20%) 등","동인도계(37%), 크레올(31%), 자바니스(15%) 등",,
스리랑카,Sri Lanka,LK,"콜롬보(Colombo, 실질적 수도), 스리 자야와르데네푸라 코테(Sri Jayewardenepura Kotte, 행정수도)",22180000,-22,65610,(한반도의 1/3),"싱할라어, 타밀어, 영어","불교(70%), 힌두교(12%), 이슬람교(9.7%), 기독교(7.4%), 기타 및 무교(0.9%)","싱할라족(75%), 타밀족(15%), 무어족(9%), 기타(1%)",,
스웨덴,Sweden,SE,스톡홀름(Stockholm),10400000,(2021.6월),449964,(한반도 약2배),스웨덴어,,,,"- 국경일 : 06.06.(대 덴마크 독립전쟁 승리후, Gustav VASA가 스웨덴 국왕으로 즉위한 날)"
스위스,Swiss,CH,"베른(Bern, 14.3만명)",8740000,"(외국인 약219만명, 25.7%)",41285,(한반도의 약 1/5),"독일어(63%), 불어(23%), 이탈리아어 (8%), 로망슈어(0.5%), 기타(5.5%)","가톨릭(34%), 개신교(23%), 무교(29%) 등",,,
스페인,Spain,ES,마드리드,47430000,-2021,505370,(한반도의 약2.3배),"스페인어(카스티야어, 공용어), 카탈루냐어, 바스크어, 갈라시아어(이상 지역공용어)",가톨릭(약 60%),라틴족,,
슬로바키아,Slovakia,SK,브라티슬라바(44만명),5430000,,49035,(한반도의 1/4),,"가톨릭(55.8%), 개신교(6.9%), 그리스정교(4.0%), 기타(9.5%), 무교(23.8%)","슬로바키아인(83.8%), 헝가리인(7.8%), 집시(1.2%), 기타(7.2%)",,
슬로베니아,Slovenia,SI,류블랴나(28만명),2060000,,20270,(한반도의 1/11),,"가톨릭(57.8%), 이슬람교(2.4%), 동방정교(2.3%), 무교·기타(37.5%)","슬로베니아계(83%), 세르비아계(2%), 크로아티아계(1.8%)",,
시리아,Syria,SY,다마스커스(Damascus),22930000,"(23 기준, CIA world factbook)",185180,,"아랍어(공용어), 불어","이슬람(87%)(순니 72%, 시아, 알라위,이스마일 13%), 기독교 (10%), 드루즈(3%)",,,
시에라리온,Sierra Leone,SL,프리타운(Freetown),8610000,"(22, WB)",71740,(한반도의 1/3),"영어(공용어), 토착어","이슬람교(60%), 기독교(10%), 토착종교(30%)","Creole, Mende, Temne족 등",,1961.4.27(영국에서 독립)
싱가포르,Singapore,SG,"싱가포르(Singapore, 도시국가)",5660000,"(2023, IMF)",719,(서울의 약 1.2배),"영어(48%), 표준중국어(30%), 말레이어(9%), 타밀어(3%)의 4개 공식언어 및 기타 언어","불교(31%), 기독교(19%), 이슬람(16%), 도교(9%), 힌두교(5%) 등","중국계(75.6%), 말레이계(15.1%),인도계(7.6%) 등",고온다습한 열대성 기후,
아랍에미리트,United Arab Emirates : UAE,AE,아부다비(Abu Dhabi),1050000,"(22, IMF)",83600,(한반도의 약 1/3),아랍어(영어도 통용),"이슬람교(수니파 85%, 시아파 15%)","아랍족, 외국인(아시아계, 이란계)","고온 다습(5-10월 35-45도, 11월-4월 15-35도)",1971.12.2(영국보호령에서 독립)
아르메니아,Armenia,AM,"예레반(Yerevan, 109만)",2960000,-2021,29743,(한반도의 13.5%),"아르메니아어(공식국어), 러시아어(통용어)","아르메니아 사도교회(92.6%),개신교(1%)등 ",,"대륙성, 아열대성(남부)",
아르헨티나,Argentina,AR,"부에노스 아이레스(Buenos Aires, 307만명)",47320000,,2790000,(한반도의 12.5배),,,,,
아이슬란드,Iceland,IS,레이캬비크,368000,(2021.1월),103000,(한반도의 1/2),,"루터교(81%), 레이캬비크자유교회(2.1%), 가톨릭(2%)","아이슬란드인(93%), 이민자(7%)",,- 독립 : 1944.06.17. 덴마크로부터 독립
아이티,Haiti,HT,"포르토프랭스(Port-au-Prince, 약 244만명)",12060000,"(2022, IMF)",27750,(한반도의 1/8),"프랑스어, 크레올어(Creole)","가톨릭(55%), 개신교(29%), 부두교(2%), 기타(14%)","흑인(95%), 물라토 및 백인(5%)",,
아일랜드,Ireland,IE,더블린(Dublin),5120000,(2022.06.),70282,(한반도의 1/3),,"가톨릭(78%), 개신교(2.8%), 무슬림(1.3%)",,,
아제르바이잔,Azerbaijan,AZ,"바쿠(Baku, 234만명)",10200000,-2021,86600,(한반도의 40%),아제르바이잔어(공식국어),"이슬람교 96%(시아파 85%, 수니파 15%), 러시아정교(2.5%) 등","아제르바이잔인 92%, 레즈기인 2%, 러시아인 1.3%","건조(중서부), 아열대(남부), 대륙성(북부)",
아프가니스탄,Afghanistan,AF,카불(Kabul),34940000,-2018,652000,(한반도의 3배),"다리어(50%), 파슈토어(35%) 및 투르크어(11%) 등","이슬람교(수니파 80%, 시아파 19%)","파슈툰(42%), 타지크(27%), 하자라(9%), 우즈벡(9%) 등",,
안도라,Andorra,AD,"안도라 라 벨랴(Andorra la Vella) (유럽 수도중 가장 고지대(1,023m)에 위치)",85645,(21.7 CIA추정),468,(서울시 면적의 3/4),"카탈루냐어(공용어), 불어, 스페인어, 포르투갈어",가톨릭 (99%),"안도라인(48.8%), 스페인인(25.1%), 포르투갈인(12%), 프랑스인(4.4%) 등","겨울은 춥고 눈이 많이 오며, 여름은 온화하고 건조",- 독립 : 1278.9.8  * 1993.3 헌법제정으로 외교권 등 행사
알바니아,Albania,AL,티라나(Tirana),2860000,(2023년),28748,(한국의 1/4),,"이슬람교(56.7%), 로마가톨릭(10%), 동방정교(6.8%)","알바니아계(82.6%), 그리스계(0.9%), 기타(16.5%)",,
알제리,Algeria,DZ,알제(Algiers),45970000,"(23, IMF)",2381741,(아프리카 1위),"아랍어, 베르베르어(공용), 불어(상용)",이슬람교(수니파),"아랍인(81%), 베르베르인(19%)",,1962.7.5(대프랑스 독립전쟁 승리)
앙골라,Angola,AO,루안다(Luanda),33000000,(20 WB),1246700,(한반도의 5.6배),"포르투갈어(공용), 반투어(토착어)","가톨릭(41%), 기독교(38%), 토착종교(8.6%)","오빙분두(37%), 킴분두(25%), 기타 아프리카(22%), 바콩고(13%), 혼혈(2%), 백인(1%), 중국(1%)",열대성 기후,1975.11.11(포르투갈로부터 독립)
앤티가바부다,Antigua and Barbuda,AG,세인트존스(Saint John's,100000,"(2022, IMF)",443,(Antigua:282 Barbuda:161),영어(공용어)와 지방방언,"개신교(68.3%), 가톨릭(8.2%), 기타(17.7%)","흑인 87.3%, 혼혈 4.7%, 히스패닉 2.7%, 백인 1.6%, 기타 3.6%",,
에리트레아,Eritrea,ER,"아스마라 (Asmara, 인구 80만명)",3660000,(21 IMF),117600,(한반도의 1/2),"티그리냐어, 아랍어","가톨릭, 개신교, 콥트교, 이슬람(수니) 등","Tigrinya, Tigre, Saho 등",,1993.5.24(에티오피아로부터 독립)
에스와티니,Eswatini,SZ,음바바네(Mbabane),1170000,(21 World Bank),17364,(한반도의 1/12),"영어(공용어), Siswati어(공용어)","기독교(90%), 이슬람(2%), 기타 ","Swazi(90%), 기타 Zulu, Tonga 등","서부-온난 다습, 중부-아열대 건조",
에스토니아,Estonia,EE,탈린(Tallinn),1220000,(2021.7월 / CIA 추정),45228,(한반도의 1/5),"에스토니아어(공용어), 러시아어(전체 인구의 약 30%가 모국어 수준으로 구사)","루터교, 러시아정교 등","에스토니아인(69%), 러시아인(25%) 등",,"- 독립 : 1991.08.20. 소련으로부터 주권회복, 1918.02.24. 최초 독립(국경일)"
에콰도르,Ecuador,EC,"키토(Quito, 270만명)",17290000,-2021,280000,(한반도의 약 1.3배),"스페인어(공용), 11개 기타 부족어",가톨릭(90% 이상),,,
에티오피아,ETC,ET,아디스아바바(Addis Ababa),123000000,"(22, WB)",1104300,(한반도의 5배),"암하라어(공용), 영어","에티오피아 정교(44%), 이슬람교(34%) 등 ","오로모(34%), 암하라(29%), 티그라이(6%) 등 80여 민족","고지대-연중쾌적, 저지대-고온다습",
엘살바도르,El Salvador,SV,산살바도르(San Salvador),6340000,"(2022, IMF)",21041,(한반도의 1/10),스페인어,"가톨릭(40%), 개신교(38%)","메스티소(86%), 백인(13%), 원주민(0.2%), 흑인(0.1%), 기타(0.7%)",,
영국,United Kingdom,GB,런던(London),67320000,"(2021, WB)",243610,(한반도의 1.1배),,"기독교(59.3%),이슬람교(4.8%),힌두교(1.5%), 기타종교(2.1%), 무교(25.1%), 무응답(7.2%)",,,
예멘,Yemen,YE,사나(Sana'a),31580000,"(22, IMF)",527968,(한반도의 2.4배),아랍어,"이슬람교(순니파 65%, 시아파 35%)",아랍인(에티오피아계 및 유태계 소수혼재),,1990.5.22 평화적 통일 후 1994.7.7 무력 재통일(북측 승리로 내전 종결)
오만,Oman,OM,무스카트(Muscat),4770000,(23. IMF),309500,(한반도의 1.4배),"아랍어, 영어 통용",이슬람교 (이바디파),,,11월 18일(선왕 탄생일)
오스트리아,Austria,AT,"빈(Vienna, 약 198만명)",9100000,,83879,(한반도의 약 2/5),,"가톨릭(55.2%), 이슬람교(8.3%), 동방정교회(4.9%), 개신교(3.8%)","오스트리아계(81%), 독일계(2.3%), 루마니아계(1.5%)",,
온두라스,Honduras,HN,"테구시갈파(Tegucigalpa, 126만명)",10290000,"(2022, IMF)",112492,(한반도의 1/2배),스페인어,"가톨릭(46%), 개신교(41%), 기타(3%)","메스티소(90%), 인디오(7%), 흑인(2%), 백인(1%)",,
요르단,Jordan,JO,"암만(Amman, 400만명)",11310000,(22 요르단 통계청),89342,(남한보다 조금 작음),아랍어(영어도 통용),"이슬람(92% 순니파, 1% 시아파), 기독교(6%)",,,
우간다,Uganda,UG,캄팔라(Kampala),47000000,(21 World Bank),241038,(한반도의 1.1배 남한의 2.4배),"영어(공용어), Luganda, Swahili 등","카톨릭(41.9%), 성공회(42%), 이슬람(12.1%)","Bantu(Baganda포함, 17%), Banyakole(9.5%), Basoga(8.4%), Bakiga(6.9%), Iteso(6.4%) 등",,1962.10.9(영국으로부터 독립)
우루과이,Uruguay,UY,"몬테비데오(Montevideo, 176만명)",3480000,-2021,176000,(한반도의 0.8배),스페인어,"카톨릭(47%),개신교(11%),무교(40%),기타(1%)",,,
우즈베키스탄,Uzbekistan,UZ,"타슈켄트(Tashkent, 257.4만명)",33900000,(21) (중앙아 최대),447400,(한반도의 약 2배),"우즈베키스탄어(공식국어), 러시아어(통용어)","이슬람교 88%(수니파 70%), 러시아 정교 9%, 기타 3%","우즈벡인(81%), 러시아인(5.5%), 타직인(5%), 카자흐인(3%), 카라칼팍인(2.5%), 고려인(0.6%)",고온건조한 사막성 기후,
우크라이나,Ukraine,UA,"키이우(키예프) (297만명, ‘19.12)",41600000,"(21,EIU)",603500,(남한의 6배),우크라이나어(러시아어 상용),"우크라이나정교(67%), 가톨릭(12%), 개신교(2.5%) 등","우크라이나계(78%), 러시아계(17%), 기타(5%)",,
이라크,Iraq,IQ,바그다드(Baghdad),39650000,(21 CIA),441839,(한반도 약 2배),"아랍어(공용어), 쿠르드어(북부지역)","이슬람교(순니 32-37%, 시아 60-65%), 기독교(3%)",,,
이란,Iran,IR,테헤란(Tehran),84900000,-20,1640000,(한반도의 7.5배),페르시아어(공용어),"이슬람교(98%) * 시아파 94%, 순니파 4%","페르시아인(61%), 아제르바이잔인 (16%), 쿠르드인(10%)",,
이스라엘,Israel,IL,"예루살렘(Jerusalem) 예루살렘 지위 문제에 대해 논란이 있으며, 미국과 과테말라 대사관은 예루살렘에 소재하고 여타 국가들의 대사관은 텔아비브 또는 인근에 소재",9840000,-23,20770,(1967년 이후 점령지 제외),"히브리어(공용어), 아랍어(공용어), 영어","유태교(74.8%), 이슬람교(17.6%), 기독교(2.0%), 드루즈(1.6%), 기타(4%)",,,
이집트,Egypt,EG,카이로(Cairo),106000000,(2024.2월),1000000,"(한반도의 약 5배, 국토의 95%가 사막)",아랍어(공식어),"수니파 이슬람(90%), 기독교(10%)","이집트인(99.6%), 모로코,리비아,누비안,터키인(0.4%)",,
이탈리아,Italia,IT,로마,62390000,(2021.7 / CIA 추정),302072,,,"가톨릭(85.7%), 정교회(2.2%), 이슬람(2%), 개신교(1.2%)",이탈리아인이 대부분,,
인도,India,IN,뉴델리(New Delhi),1407000000,(세계 2위),3287782,(세계 7위 한반도 15배),"힌두어, 영어","힌두교(79.8%), 이슬람교(14.2%), 기독교, 시크교, 불교, 자이나교","인도아리안 72%, 드라비디안 25%, 기타 3%",,
인도네시아,Indonesia,ID,"자카르타(Jakarta, 약 1,046만 명)",277430000,"(2023, IMF)",1916820,(한반도의 약 9배),,"이슬람(87%), 개신교(7%), 천주교(3%), 힌두교(2%), 불교(1%)","자바족(40%), 순다족(16%) 등 1,300여 종족","열대성 몬순기후, 고온다습",
일본,Japan,JP,"도쿄(東京, Tokyo)",125120000,"(2022,  World Bank)",378000,(한반도의 약 1.7배),,"神道(Shintoism), 불교, 기독교",,,
자메이카,Jamaica,JM,킹스턴(Kingston),2820000,"(2022, IMF)",10991,(한반도의 1/20),"영어, Patois(현지 방언)","개신교 64.8%, 가톨릭 2.2%, 기타 14.2%","흑인계 92.1%, 혼혈 6.1%, 기타(백인계, 인도계, 중국계 등) 1.8%",,
잠비아,Zambia,ZM,루사카(Lusaka),18920000,(21 World Bank),752618,(한반도의 3.4배),영어(공용어),"기독교(95%), 이슬람교, 토착신앙 등","벰바족(21%), 통가족(13.6%), 체와족(7.4%) 등",아열대 기후(연평균 15-37℃),1964.10.24(영국으로부터 독립)
적도기니,Equatorial Guinea,GQ,"말라보(Malabo, 21만명)",1670000,"(22, EIU)",28051,(한반도의 1/8),"스페인어(공용어), 불어(공용어), 포르투갈어(공용어), Fang어","카톨릭(94%), 이슬람, 기독교, 토착종교","Fang, Bubi족 등",,1968.10.12.(스페인에서 독립)
조지아,Georgia,GE,"트빌리시(Tbilisi, 118만)",4000000,-2021,69700,(한반도의 30%),"조지아어(공식국어),러시아어(통용어)",조지아 정교,"조지아인(86.8%),아제르인(6.3%),아르메니아인(4.5%),러시아인(0.7%)","아열대(서부), 대륙성(동부)",
중국,China,CN,베이징(北京),1409670000,(대만 홍콩 마카오 제외),9600000,(한반도의 약 44배),보통화(북경어에 기초),,"- 한족(漢族, 91.1%) 및 55개 소수민족(8.9%)- 조선족 : 170만여명(소수민족의 1.4%)",,1949.10.01.(국경일)
중앙아프리카,Central African Republic,CF,"방기(Bangui, 79.4만명)",5450000,(21 World Bank),622984,(한반도의 약 2.8배),"불어(공용어), Sangho(국어)","기독교(25%), 카톨릭(25%), 회교(15%), 토속종교(35%)","Baya족(33%), Banda족(27%) 등",,1960.8.13.(프랑스로부터 독립)
지부티,Djibouti,DJ,지부티(Djibouti),1110000,(21 WB),23200,(한반도의 1/10),"불어, 아랍어","이슬람교(국교, 94%), 기독교(6%)","소말리(60%), 아파르(35%)",열대성 사막기후,1977.6.27(프랑스로부터 독립)
짐바브웨,Zimbabwe,ZW,하라레(Harare),15090000,(21 World Bank),390000,(한반도의 약 1.7배),"영어(공용어), 토착어","기독교 계통(87%), 토착신앙(1.5%)","Shona족(78%), Ndebele족(20%) 등",아열대기후,1980.4.18.(영국으로부터 독립)
차드,Chad,TD,"은자메나(N'Djamena),126만명",17170000,(’21 World Bank),1284000,(한반도의 6배),"불어, 아랍어","회교(51%), 기독교(35%),정령숭배(7%), 토속종교(7%)","Sara, Arab, Mayo-Kebbi족 등",,1960.8.11.(프랑스로부터 독립)
체코,Czech,CZ,프라하(131만명),10730000,,78867,(한반도의1/3),,"무교(34.2%), 가톨릭(10.3%), 개신교(0.9%), 기타(54.6%)","체코인(64.3%), 모라비아인(5%), 슬로바키아인(1.4%), 기타(4%) 등",,
칠레,Chile,CL,"산티아고(Santiago, 824만명)",19680000,-2022,756102,(한반도의 3.5배),스페인어,"가톨릭(54%), 개신교(14%), 무교(25%)",,,
카메룬,Cameroon,CM,야운데(Yaounde),30140000,(23 US CIA),475440,(한반도의 2.2배),불어(인구 80%)·영어(인구20%) 공용어,"가톨릭(38.3%), 개신교(25.5%), 이슬람교(24.4%) 등","Bamileke, Bantu, Kirdis, Fulani족 등",,1960.1.1.(프랑스로부터 독립)
카보베르데,Cape Verde,CV,프라야(Praia),593000,(22 World Bank),4033,(제주도의 2배),"포르투갈어(공용어), Creole어",카톨릭(77%),"Creole(71%), 아프리카토착인(28%)",,1975.7.5 포르투갈에서 독립
카자흐스탄,Kazakhstan,KZ,아스타나 ’97.12월 천도 / 약 133만명('22.8월),19640000,(22.8월),2724900,(한반도 12배 남한 27배/세계 9위),"카자흐스탄어(공식국어), 러시아어(통용)","이슬람교(73%), 러시아 정교(20%), 개신교(2%), 기타(5%)","카자흐인(70.35%), 러시아인(15.54%), 우즈벡인(3.20%), 우크라이나인(2.02%), 위구르인(1.51%), 독일인(1.18%), 타타르인(1.14%), 아제르인(0.76%), 고려인(0.62%) 등",고온건조한 대륙성 기후,
카타르,Qatar,QA,도하(Doha),2620000,"(23, IMF)",11581,(경기도 크기),"아랍어, 영어도 통용",이슬람교(대부분이 수니파),"아랍계40%, 인도계18%, 파키스탄계18%, 이란계10%, 기타14%",,1971.9.3(영국에서 독립)
캄보디아,Cambodia,KH,"프놈펜(Phnom Penh, 인구 : 228.2만 명, 2019년 기준, 캄보디아통계청)",16150000,"(2023년 기준, IMF)",181000,"(한반도의 0.8배, 2023년 기준, CIA)","크메르어(90% 이상), 불어, 영어, 중국어","불교(95%), 기타(5%)","크메르족(97%), 소수민족(베트남, 중국, 참족, 고산족 등)","열대몬순, 고온다습",
캐나다,Canada,CA,오타와(Ottawa),39310000,,9970000,"(러시아에 이어 세계 2위, 한반도의 약 45배)","영어, 프랑스어- 영어 사용자 : 56%- 프랑스어 사용자 : 21%- 영어.프랑스어 사용자 : 18%- 기타 사용자 : 5%","가톨릭 38.7%, 개신교 28.5% 등","영국계 21%, 프랑스계 16%, 스코틀랜드계 15%, 아일랜드계 14% 등 유럽계 백인 75% 내외, 여타 지역 유색인종 이민계가 25%","대부분 한랭지대, 미국 접경 남부지역이 온대로 전 인구의 80%가 이 지역에 거주",
케냐,Kenya,KE,나이로비(Nairobi),50920000,(22 세계은행),580000,(한반도 2.6배),"스와힐리어(통용어), 영어(공용어)","기독교(80%), 이슬람(10%), 기타(10%)","Kikuyu(22%), Luhya(14%), Luo(13%), Kalenjin(12%), Kamba(11%), Kisii(6%), Meru(6%) 등 약 42개 부족","고원지방 및 서부는 강우 풍부, 북부는 건조, 2-3월 기온최고, 7-8월 기온최저",1963.12.12(영국으로부터 독립)
코모로,Comoros,KM,모로니(Moroni),821000,"(21, World Bank)",1862,(제주도1.2배 GrandeComore Moheli Anjouan 3개의 섬으로 구성),"불어, 아랍어, 코모로어(스와힐리어와 아랍어의 혼합)","이슬람(수니98%), 카톨릭(2%)",,"열대해양성(9-4월 고온다습, 5-8월 저온건조)",1975.7.6.(프랑스로부터 독립)
코소보,Kosovo,XK,"프리슈티나(Prishtina, 약 57만명)",1770000,-2023,10908,(한국의 약 1/20),"알바니아어, 세르비아어",,"알바니아계(91%), 세르비아계(4%) 등",,- 독립일 : 2008.2.17(세르비아로부터 독립)
코스타리카,Costa Rica,CR,"산호세(San Jose, 인구 34만명)",5040000,"(2022, 코스타리카 통계청)",51100,(한반도의 1/4),스페인어,"가톨릭(62%), 개신교(21%)","백인/메스티소(84%), 물라토(7%), 원주민(2%), 흑인(1%), 기타(6%) 등",,
코트디부아르,Cote d'Ivoire,CI,야무수크로(Yamoussoukro),27480000,(21 World Bank),332463,(한반도의 1.4배),"프랑스어(공용어), 종족어","이슬람교(42.9%), 기독교(33.9%), 토착신앙(3.6%)","Akan(28.8%), Gur(16.1%), Krou(8.5%)",,1960.8.7.(프랑스로부터 독립)
콜롬비아,Colombia,CO,"보고타(Bogota, 인구 741만, 고도 2,640m)",51610000,"(2022, IMF)",1140000,(한반도의 5배),"스페인어, 200여 토착 원주민 언어","가톨릭(79%), 개신교(13%), 무교(6%), 기타(2%)","메스티소(86%), 아프리카계(10.6%), 원주민(3.4%)",,
콩고,Congo,CG,브라자빌(Brazzaville),5830000,"(22, Worldometer)",342000,(한반도의 1.5배),"불어(공용어), 토착어(링갈라, 키투바)","기독교(50%), 토착신앙(48%), 이슬람(2%)",,"열대 고온다습, 연평균 24도",1960.8.15 (프랑스로부터 독립)
콩고민주공화국,Democratic Republic of Congo,CD,킨샤사(Kinshasa),96800000,"(22, IMF)",2344858,(한반도의 11배),"불어(공용어), 토착어(링갈라, 스와힐리, 키콩고, 씰루바)","카톨릭(50%),개신교(20%),킴반기스트(10%), 이슬람교(10%)",,"열대 고온다습, 연평균 25.2도",1960.6.30.(벨기에로부터 독립)
쿠바,Cuba,CU,"아바나(Havana, 인구 220만명)",11200000,,110860,(한반도의 1/2),스페인어,"가톨릭(85%), 그 외 신도교, 유대교 등","백인 64.1%, 물라토 및 메스티소 26.6%, 흑인 9.3%",,
쿠웨이트,Kuwait,KW,쿠웨이트시(Kuwait City),4820000,"(23, 쿠웨이트 PACI)",17818,(경상북도 크기 우리나라의 1/5),아랍어(영어 통용),"이슬람교(수니파 70%, 시아파 30%) ",아랍인(80%),,1961.2.25.(영국에서 독립)(국경일 2.25.(국왕즉위기념일))
쿡제도,Cook Islands,CK,아바루아(Avarua),17601,(2021. Worldometers),240, ※15개의 섬으로 구성(Rarotonga섬 67㎢ Mangaia섬 51㎢),"영어, 폴리네시아어","쿡제도기독교회56%, 카톨릭 17%, 제7안식일교 3.8%",폴리네시아인,,
크로아티아,Croatia,HR,자그레브(80만명),3840000,-2023,56594,(한반도의 1/4),"크로아티아어(공용어, 슬라브계 언어로 라틴문자 사용)","가톨릭(86%), 세르비아정교(4%), 이슬람교(1.5%), 기타(8.5%)","크로아티아인 90.4%, 세르비아인 4.4%, 기타",,건국기념일(국경일) : 1990.5.30.(자유총선의회 개원)
키르기즈공화국,Kyrgyz Republic,KG,"비슈케크(Bishkek, 110만명)",6750000,,199951,(한반도의 0.95배),"키르기스스탄어(공식어), 러시아어(공용어)","이슬람교(80%), 러시아정교(15%), 개신교 등 기타(5%)","키르기스스탄인(73%), 우즈베키스탄인(15%), 러시아인(6%)","대륙성, 건조 기후",
키리바시,Kiribati,KI,타라와(Tarawa),121000,-2021,811,,"영어, 길버트어(키리바시어)","기독교 96%, 바하이신앙 2%, 기타 2%","길버트제도인 97%, 기타 3%",,
타지키스탄,Tajikistan,TJ,"두샨베(Dushanbe, 91.6만명)",9540000,-21,143100,(한반도의 0.65배),"타지키스탄어(공식 국어), 러시아어(통용어)",이슬람교 98%,"타지키스탄인(84%), 우즈베키스탄인(14%), 기타(2%)",대륙성 기후,
탄자니아,Tanzania,TZ,"다레살람(Dar es Salaam, 경제·행정수도) 도도마(Dodoma, 정치수도, 의회소재지)",59730000,(20 World Bank),945087,(한반도 약 4.3배),"스와힐리어, 영어","이슬람교(35%), 기독교(30%, 가톨릭 포함), 토속종교(35%)",129개 민족집단 ,,
태국,Thailand,TH,"방콕(Bangkok, 인구 : 552.8만 명, 2021년 기준, 태국 내무부)",70180000,"(2023년 기준, IMF)",513100,"(한반도의 2.3배, 2023년 기준, CIA)","타이어(공용어), 중국, 말레이어","불교(93%), 이슬람(5%), 기독교(1%)","타이족(85%), 화교(12%), 말레이(2%) 등",고온다습한 열대성 기후,
토고,Togo,TG,로메(Lome),8800000,(22 EIU),56785,(한반도의 1/4배),"불어(공용), Ewe어, Kabye어","기독교(44%), 민속신앙(36%), 이슬람교(14%)","에웨(Ewe)족, 미나(Mina)족 등",,1960.4.27.(프랑스로부터 독립)
통가,Tonga,TO,누쿠아로파(Nuku'alofa),107000,(2021. World Bank) ,748,(한반도의 1/300),영어 및 통가어,기독교(대부분 Wesleyan Church계),"통가인(폴리네시아계), 기타 유럽인 ",,
투르크메니스탄,Turkmenistan,TM,"아시가바트(Ashgabat, 84.6만명)",6100000,"(21,EIU)",488100,(한반도의 2.2배),"투르크멘메니스탄어(공식언어), 러시아어(통용어)","이슬람교(수니파89%), 동방정교(9%), 기타(2%)","투르크메니스탄인(77%), 우즈베키스탄인(9.2%), 러시아인(6.7%), 카자흐스탄인(2%), 기타(5%)",대륙성 사막기후,독립 : 1991.10.27.
투발루,Tuvalu,TV,푸나푸티(Funafuti),11925,(2021. World Bank),25.9, (9개 도서로 구성),"영어, 투발루어, 길버트어","투발루 기독교회 97%, 바하이신앙 2%, 기타","투발루인(폴리네시아계) 96%, 기타 4%",,
튀니지,Tunisia,TN,튀니스(Tunis),12200000,"(23, IMF)",162155,(한반도의 3/4),"아랍어(공용어), 불어 통용",이슬람교(99%),"아랍인(98%), 베르베르인(1%)",,1956.3.20(프랑스에서 독립)
튀르키예공화국,Republic of Turkiye,TR,앙카라 (약 574만명),85300000,-2023,779452,(한반도의 약 3.5배),,"이슬람교(99%), 기독교, 유태교등- ※ 헌법상 정교분리","튀르키예족, 쿠르드족, 아랍인 등",,
트리니다드토바고,Trinidad & Tobago,TT,포트오브스페인(Port-of-Spain),1410000,"(2022, IMF)",5128,(한반도의 1/43),영어,"개신교(32%), 가톨릭(22%), 힌두교 (18%), 회교(5%)",,,
파나마,Panama,PA,"파나마 시티(Panama City, 약159만명)",4400000,"(2022, IMF)",75517,(한반도의 1/3),스페인어,"가톨릭(84%), 개신교(15%), 기타(1%)","메스티소(65%), 원주민(12.3%), 흑인(9.2%), 물라토(6.8%), 백인(6.7%)",,
파라과이,Paraguay,PY,"아순시온(Asuncion, 약 70만명))",7350000,,406752,(한반도의 1.8배),"스페인어, 과라니어","공식국교 無, 인구 90% 카톨릭",,,
파키스탄,Pakistan,PK,이슬라마바드(Islamabad),230000000,-20,796000,(한반도의 약 3.5배),"공식어(영어, 우르드어), 펀잡어(39%), 파슈툰어(18%), 신드어(15%) 등","이슬람교(국교)(96.4%, 수니파 85-90%, 시아파 10-15%), 힌두교 등","펀자비(44.7%), 파슈툰(15.4%), 신디(14.1%) 등",,
파푸아뉴기니,Papua New Guinea : PNG,PG,포트 모르즈비(Port Moresby),9120000,(2021. Worldometers),452860," (세계 54위, 한반도의 2배)","영어(공용어), 톡피진어(Tok Pidgin) 히리모투어(Hiri Motu) 및 850여개 부족언어","기독교 95%, 기타","파푸아인(멜라네시아계) 96%, 마이크로네시안 2%, 폴리네시안 1%, 중국 및 유럽계 등 1%",,
팔라우,Palau,PW,응게룰무드(Ngerulmud),18000,(2021. World Bank),459,"(세계 180위) *200여개 도서로 구성, 9개 섬에만 주민 거주","영어, 팔라우어","가톨릭 45%, 개신교35%, 제7일안식교 7%, 토착종교 6%, 이슬람교 3%, 기타 4%","팔라우인(마이크로네시아계) 73%, 아시아인 22%(필리핀, 중국 등), 기타 5%(백인 등)",,1994.10.01. 독립
팔레스타인,Palestine,PS,라말라(Ramallah: 임시 수도),5100000,-20,6020,,"아랍어, 영어","이슬람교(98%), 기독교(1.37%)",,,
페루,Peru,PE,"리마(Lima, 1,000만명)",33400000,-2022,1280000,(한반도의 약 6배),"스페인어, 께추아어, 아이마라어",,,,
포르투갈,Portugal,PT,"리스본(시내 57만명, 수도권내 287만명)",10340000,(2021년),92225.61,(한반도의 약 2/5),포르투갈어(로망스어계),카톨릭(전체 인구의 80%이상이나 국교는 아님),"이베리아족, 켈트족, 라틴족, 게르만족, 무어족 등의 혼혈","대서양, 지중해 및 대륙성 혼합, 건기(5-10월)/우기(11-4월)",
폴란드,Poland,PL,바르샤바(171만명),38560000,(2022년),312685,(한반도의 1.4배),,"가톨릭(87%), 정교회, 개신교 등","폴란드인(96.9%), 독일인, 벨라루스인 등",,
프랑스,France,FR,파리(Paris),67810000,-2022.1,675417,(속령 포함 / 한반도의 3.1배),프랑스어,"가톨릭, 신교, 유대교, 이슬람교","골족, 프랑크족 등",,
피지,Fiji,FJ,수바(Suva),903000,(2021. World Bank),18333,"(세계 151위, 경상북도 크기 330여개의 도서로 구성)","영어(공식어), 피지어, 힌두어, 로투만어","기독교 64%, 힌두교 28%, 이슬람교 6%, 기타 2%","피지 원주민 56.8%, 인도계 37.5%, 기타 5.7% 등",,
핀란드,Finland,FI,헬싱키(Helsinki),5590000,(2021.7월 / CIA 추정),338145,(한반도의 약 1.5배),"핀란드어(87.6%), 스웨덴어(5.2%)","루터교(69.8%), 그리스정교(1.1%)","핀란드인, 스웨덴인, 사미족 등",,
필리핀,Philippines,PH,"마닐라(Manila, 약 184만 명)",112890000,"(2023, IMF)",300000,(한반도의 1.3배),영어 및 타갈로그어,"천주교(79%), 개신교(7%), 이슬람교(6%) 등",말레이계가 주인종이며 미국·스페인계 등 혼혈 다수,고온다습한 아열대성 기후,
헝가리,Hungary,HU,부다페스트(170만명),9770000,,93030,(한반도의 2/5),,"카톨릭(37.2%), 개신교(13.8%), 그리스정교(1.8%) 등","마자르인(85.6%), 루마니아(3.2%), 독일(1.9%), 기타(2.6%)",,
호주,Australia,AU,캔버라(Canberra) ,25980000,(2022. 기준),7690000,"(한반도의 35배, 세계 6위)",영어,"기독교 44%, 무교 39%, 기타(불교, 이슬람교 등) 17%","앵글로색슨 80%, 이시안, 원주민 및 기타 약 20%",,
